id,conversation_id,created_at,date,time,timezone,user_id,username,name,place,tweet,language,mentions,urls,photos,replies_count,retweets_count,likes_count,hashtags,cashtags,link,retweet,quote_url,video,thumbnail,near,geo,source,user_rt_id,user_rt,retweet_id,reply_to,retweet_date,translate,trans_src,trans_dest
1322935395256995840,1322935395256995840,2020-11-01 21:45:51 India Standard Time,2020-11-01,21:45:51,+0530,1256530997904134145,counsultmonica,Monica Mehta Consultant,,Six Sigma - Teamwork demonstrated by not so literate people - Mumbai Dabbawala!  @JyotiSocial   WhatsApp +91 9552946949  #sigma #teamwork #dabbawala #global   https://t.co/Ry7CjCnjmw,en,"[{'screen_name': 'jyotisocial', 'name': 'jyotindra zaveri', 'id': '71426816'}]",['https://www.youtube.com/watch?v=Src-tKvsCiU&t=109s'],[],0,0,0,"['sigma', 'teamwork', 'dabbawala', 'global']",[],https://twitter.com/CounsultMonica/status/1322935395256995840,False,,0,,Mumbai ,,,,,,[],,,,
1322246035494809600,1322113806365962240,2020-10-31 00:06:35 India Standard Time,2020-10-31,00:06:35,+0530,1250730539474014208,gawandenutan,Nutan Gawande.,,@SonuSood Sir.. mai ek mumbai dabbawala ki ladki hu mere papa to dabbawala mai kam krte hai lekin ab sab unke sir log work from home krr rahe hai to unki 8months se koi bhi sallery nhi ayi hai.. hum dabbawala log pura life me sabko khana pohochvate hai lekin abhi 7/8month se hamari halat,hi,[],[],[],0,0,0,[],[],https://twitter.com/GawandeNutan/status/1322246035494809600,False,,0,,Mumbai ,,,,,,"[{'screen_name': 'SonuSood', 'name': 'sonu sood', 'id': '295026890'}]",,,,
1321985466183393280,1321985466183393280,2020-10-30 06:51:11 India Standard Time,2020-10-30,06:51:11,+0530,2412842527,mumbaimoments,Mumbai Moments,,#dabbawala #specialdelivery #oldtradition #mumbai #bombay #nextdestinationmumbai #cometomumbai #timeformumbai #bestinmumbai #besttours #bestguides #mumbaitravels #beautifulmumbai #magicalmumbai #realmumbai #love #india #mumbaitours #ilovemumbai #ilovebombay #wwwmumbaimomentscom  https://t.co/0jNoqUIKvt,und,[],[],['https://pbs.twimg.com/media/EliiwpYX0AEhkNf.jpg'],1,0,1,"['dabbawala', 'specialdelivery', 'oldtradition', 'mumbai', 'bombay', 'nextdestinationmumbai', 'cometomumbai', 'timeformumbai', 'bestinmumbai', 'besttours', 'bestguides', 'mumbaitravels', 'beautifulmumbai', 'magicalmumbai', 'realmumbai', 'love', 'india', 'mumbaitours', 'ilovemumbai', 'ilovebombay', 'wwwmumbaimomentscom']",[],https://twitter.com/MumbaiMoments/status/1321985466183393280,False,,1,https://pbs.twimg.com/media/EliiwpYX0AEhkNf.jpg,Mumbai ,,,,,,[],,,,
1313419901831319552,1313419901831319552,2020-10-06 15:34:41 India Standard Time,2020-10-06,15:34:41,+0530,877048312897064960,atotalmessanshu,Atotalmess,," https://t.co/W2bk0EjuAn Mumbai Dabbawalas who fed lakhs, now struggle for their own meals Must watch out this video. . #Mumbai #dabbawala #COVID19 #COVID19Vic #lockdown @mumbaidabbawale #struggle @iamamumbaikar @uddhavthackeray @Mumbaikhabar9",en,"[{'screen_name': 'mumbaidabbawale', 'name': 'mumbai dabbawala', 'id': '1057570612858707971'}, {'screen_name': 'iamamumbaikar', 'name': 'mumbaikar ‚Ñ¢', 'id': '335412245'}, {'screen_name': 'uddhavthackeray', 'name': 'uddhav thackeray', 'id': '66475808'}, {'screen_name': 'mumbaikhabar9', 'name': 'mumbai news', 'id': '2898200274'}]",['https://wap.business-standard.com/multimedia/video-gallery/general/mumbai-dabbawalas-who-fed-lakhs-now-struggle-for-their-own-meals-112450.htm?utm_source=SEO&utm_medium=HDP'],[],0,0,0,"['mumbai', 'dabbawala', 'covid19', 'covid19vic', 'lockdown', 'struggle']",[],https://twitter.com/AtotalmessAnshu/status/1313419901831319552,False,,0,,Mumbai ,,,,,,[],,,,
1307270859690713088,1307270859690713088,2020-09-19 16:20:35 India Standard Time,2020-09-19,16:20:35,+0530,306914311,chopralkc,lilakrishan chopra.,,DABBAWALE DELIVERED TIFFIN TO LAKHS OF OFFICE WORKERS NO LOCAL TRAINS BABBAWALE ARE STARVING NO JOB FOR THEM SO NO PAY  HARVARD ADDED DABBAWALA MANAGEMENT AS A SUBJECT BALAJI PLEASE COME IN NEW AVTAR TO SAVE  US YOUR SENA YOUR MUMBAI RAJ. THAKRE  JI HELP STARVING DABBAWALAS,en,[],[],[],0,0,0,[],[],https://twitter.com/chopralkc/status/1307270859690713088,False,,0,,Mumbai ,,,,,,[],,,,
1305143054962028544,1305143054962028544,2020-09-13 19:25:27 India Standard Time,2020-09-13,19:25:27,+0530,139677282,patelrushit,üáÆüá≥ Rushit Patel üá®üá´,,"SPIRIT OF MUMBAI-The Mumbai Dabbawala has been recurrent motif in the Artist's work. Made up of numerous working clock faces, with lunch box shaped as the stomach organ in hand and represents the precision &amp; punctuality of India's Tiffin Carriers to ensure the satiation of hunger  https://t.co/2OtO9ZJpHL",en,[],[],['https://pbs.twimg.com/media/EhzMqQoWsAAItZZ.jpg'],0,0,3,[],[],https://twitter.com/PatelRushit/status/1305143054962028544,False,,1,https://pbs.twimg.com/media/EhzMqQoWsAAItZZ.jpg,Mumbai ,,,,,,[],,,,
1300501593423589377,1300501593423589377,2020-09-01 00:01:56 India Standard Time,2020-09-01,00:01:56,+0530,259715998,theabodidsahoo,Abodid Sahoo,"{'type': 'Point', 'coordinates': [19.05898642, 72.82893073]}","Make my messes matter, make this chaos count.  - @sleepingatlast  . . . . . #mumbai #mumbaiigers #mumbailocal #mumbaifeelings #dabbawala #dabbawalasofmumbai #dabbawalas #bnwsouls #bnwplanet #bnw‚Ä¶  https://t.co/p8kNjhdLKi",en,"[{'screen_name': 'sleepingatlast', 'name': 'sleeping at last', 'id': '14528122'}]",['https://www.instagram.com/p/CEkFg7mFkmh/?igshid=1vq6mqwmbfwvz'],[],0,0,0,"['mumbai', 'mumbaiigers', 'mumbailocal', 'mumbaifeelings', 'dabbawala', 'dabbawalasofmumbai', 'dabbawalas', 'bnwsouls', 'bnwplanet', 'bnw']",[],https://twitter.com/TheAbodidSahoo/status/1300501593423589377,False,,0,,Mumbai ,,,,,,[],,,,
1300061399826137096,1300061027229298690,2020-08-30 18:52:46 India Standard Time,2020-08-30,18:52:46,+0530,1093723041471782912,activebandra,Active Bandra Youth Association (‡§∏‡§ï‡•ç‡§∞‡§ø‡§Ø ‡§µ‡§æ‡§Ç‡§¶‡•ç‡§∞‡•á),,"@lifeofapatrakar @ManMundra @lifeofapatrakar Ma'am &amp; @ManMundra Sir, we are having two cycles with us, we want it to contribute for our Mumbai Dabbawala Team.  Any contact details who can pick it up from us ?  Regards, Active Bandra Youth Association Team",en,"[{'screen_name': 'manmundra', 'name': 'manish mundra', 'id': '22355311'}]",[],[],2,0,1,[],[],https://twitter.com/activebandra/status/1300061399826137096,False,,0,,Mumbai ,,,,,,"[{'screen_name': 'lifeofapatrakar', 'name': 'Ankita Bhatkhande', 'id': '53605280'}, {'screen_name': 'ManMundra', 'name': 'Manish Mundra', 'id': '22355311'}]",,,,
1300021261846806528,1300021261846806528,2020-08-30 16:13:16 India Standard Time,2020-08-30,16:13:16,+0530,2933312618,mumbairailusers,Mumbai Railway Users,,"#EndStarvation Please help @dabbawala Amid pandemic, Mumbai‚Äôs @mumbaidabbawale seek cycle donations; want trains to start - india news - Hindustan Times @Dabbawalas   https://t.co/jGBW2saPNl",en,"[{'screen_name': 'dabbawala', 'name': 'dabbawala', 'id': '50593759'}, {'screen_name': 'mumbaidabbawale', 'name': 'mumbai dabbawala', 'id': '1057570612858707971'}, {'screen_name': 'dabbawalas', 'name': 'dabbawalas of london', 'id': '1720288902'}]",['https://www.hindustantimes.com/india-news/amid-pandemic-mumbai-s-dabbawalas-seek-cycle-donations-want-trains-to-start/story-BRvUJwdIZXQefrO8fk8OfN.html'],[],1,4,18,['endstarvation'],[],https://twitter.com/mumbairailusers/status/1300021261846806528,False,,0,,Mumbai ,,,,,,[],,,,
1299981818926518273,1299975482671132672,2020-08-30 13:36:32 India Standard Time,2020-08-30,13:36:32,+0530,1093723041471782912,activebandra,Active Bandra Youth Association (‡§∏‡§ï‡•ç‡§∞‡§ø‡§Ø ‡§µ‡§æ‡§Ç‡§¶‡•ç‡§∞‡•á),,"@ManMundra @lifeofapatrakar @samarmumbaikhan @Rajput_Ramesh @HTMumbai @ManMundra Sir, we are having two cycles with us, we want it to contribute for our Mumbai Dabbawala Team. Any contact who can pick it up from us ?  Regards, Active Bandra Youth Association Team",en,[],[],[],0,4,20,[],[],https://twitter.com/activebandra/status/1299981818926518273,False,,0,,Mumbai ,,,,,,"[{'screen_name': 'ManMundra', 'name': 'Manish Mundra', 'id': '22355311'}, {'screen_name': 'lifeofapatrakar', 'name': 'Ankita Bhatkhande', 'id': '53605280'}, {'screen_name': 'samarmumbaikhan', 'name': 'samar khan', 'id': '346115442'}, {'screen_name': 'Rajput_Ramesh', 'name': 'Ramesh Solanki', 'id': '87643561'}, {'screen_name': 'HTMumbai', 'name': 'HTMumbai', 'id': '1456759956'}]",,,,
1297401745044201472,1297401745044201472,2020-08-23 10:44:15 India Standard Time,2020-08-23,10:44:15,+0530,213708682,nupendra_joshi,Nupendra_Joshi,,Donate to #MumbaiDabbawala they need us now..if u have used their service..this is the time. @KiritSomaiya @Dev_Fadnavis @republic,en,"[{'screen_name': 'kiritsomaiya', 'name': 'kirit somaiya', 'id': '348988523'}, {'screen_name': 'dev_fadnavis', 'name': 'devendra fadnavis', 'id': '137780376'}, {'screen_name': 'republic', 'name': 'republic', 'id': '811972460560019456'}]",[],[],0,0,0,['mumbaidabbawala'],[],https://twitter.com/Nupendra_Joshi/status/1297401745044201472,False,,0,,Mumbai ,,,,,,[],,,,
1276470780302200843,1276470780302200843,2020-06-26 16:32:04 India Standard Time,2020-06-26,16:32:04,+0530,23754854,vishalgondal,Vishal Gondal,,When the Iconic Mumbai Dabbawala &amp; TV Support Staff needed help  #MasterChef @TheVikasKhanna responded with #FeedIndia Utsav 2.25 Millions Meals of Love thanks   @USAndMumbai @IndiaGateFoods @TheRahulMahajan @satyaprad1 @HyattRegencyMum @GOQii @CintaaOfficial #BeTheForce  https://t.co/z3XCTTesGI,en,"[{'screen_name': 'thevikaskhanna', 'name': 'vikas khanna', 'id': '93665089'}, {'screen_name': 'usandmumbai', 'name': 'us consulate mumbai', 'id': '84155547'}, {'screen_name': 'indiagatefoods', 'name': 'india gate foods', 'id': '3260032963'}, {'screen_name': 'therahulmahajan', 'name': 'rahul pramod mahajan', 'id': '1025796991'}, {'screen_name': 'satyaprad1', 'name': '—ïŒ±t—áŒ± prŒ±dhŒ±n‡§∏‡§§‡•ç‡§Ø ‡§®‡§æ‡§∞‡§æ‡§Ø‡§£ ‡§™‡•ç‡§∞‡§ß‡§æ‡§® ‡¨∏‡¨§‡≠ç‡¨Ø‡¨™‡≠ç‡¨∞‡¨ß‡¨æ‡¨®-dg ndrf', 'id': '16307816'}, {'screen_name': 'hyattregencymum', 'name': 'hyatt regency mumbai', 'id': '3835488618'}, {'screen_name': 'goqii', 'name': 'goqii', 'id': '2302872589'}, {'screen_name': 'cintaaofficial', 'name': 'cintaa_official', 'id': '3960162732'}]",[],"['https://pbs.twimg.com/media/EbbvZa-U8AAffGy.jpg', 'https://pbs.twimg.com/media/EbbvZl_UEAACEsh.jpg', 'https://pbs.twimg.com/media/EbbvZ64UEAAQheK.jpg', 'https://pbs.twimg.com/media/EbbvaLpUYAESxeV.jpg']",0,2,11,"['masterchef', 'feedindia', 'betheforce']",[],https://twitter.com/vishalgondal/status/1276470780302200843,False,https://twitter.com/TheVikasKhanna/status/1276382299161051136,1,https://pbs.twimg.com/media/EbbvZa-U8AAffGy.jpg,Mumbai ,,,,,,[],,,,
1276398317371625472,1276398317371625472,2020-06-26 11:44:07 India Standard Time,2020-06-26,11:44:07,+0530,141889778,bhautik_pm,Bhautik Mehta,,Mumbai Dabbawala are the perfect case study of Just In Time. #justintime #mumbaidabbawala,en,[],[],[],0,0,1,"['justintime', 'mumbaidabbawala']",[],https://twitter.com/bhautik_pm/status/1276398317371625472,False,https://twitter.com/TheVikasKhanna/status/1276394849177133056,0,,Mumbai ,,,,,,[],,,,
1275278727384104963,1275278727384104963,2020-06-23 09:35:16 India Standard Time,2020-06-23,09:35:16,+0530,263080711,tanvisparekh,TanviSParekh,"{'type': 'Point', 'coordinates': [18.93016, 72.83029]}","‡§Æ‡•Å‡§Ç‡§¨‡§à ‡§ö‡§æ ‡§∏‡•Å‡§™‡§∞‡§π‡•Ä‡§∞‡•ã - The Dabbawala  Since 1890, Dressed in white outfit and traditional Gandhi Cap, Mumbai Army of 5,000 Dabbawalas fulfills the hunger of almost 200,000 Mumbaikar with home-cooked food that travels‚Ä¶  https://t.co/YyOMdlOKjp",en,[],['https://www.instagram.com/p/CBw3e8-BcEI/?igshid=dlz0uiyeydf3'],[],0,0,2,[],[],https://twitter.com/Tanvisparekh/status/1275278727384104963,False,,0,,Mumbai ,,,,,,[],,,,
1269965815824158725,1269965815824158725,2020-06-08 17:43:39 India Standard Time,2020-06-08,17:43:39,+0530,1487553457,adriftrider,Prashanth Bhat (Biker),,Mumbai ka Dabba wala.. who is serving us tiffin on time..! wherever in #Mumbai !!Now they are difficult to have one meal at a time..! Bcoz their job only first stopped during the #lockdown time..! Its 4 months.. no income.! #Dabbawala @mumbaidabbawale @aajtak @mumbaitak #jobless  https://t.co/sStuvpERIX,en,"[{'screen_name': 'mumbaidabbawale', 'name': 'mumbai dabbawala', 'id': '1057570612858707971'}, {'screen_name': 'aajtak', 'name': 'aajtak', 'id': '42606652'}, {'screen_name': 'mumbaitak', 'name': 'mumbai tak', 'id': '944460562540273664'}]",[],"['https://pbs.twimg.com/media/EZ_TJ-7WkAE9RkD.jpg', 'https://pbs.twimg.com/media/EZ_TJ-7XgAEN-Fv.jpg']",0,0,0,"['mumbai', 'lockdown', 'dabbawala', 'jobless']",[],https://twitter.com/AdriftRider/status/1269965815824158725,False,,1,https://pbs.twimg.com/media/EZ_TJ-7WkAE9RkD.jpg,Mumbai ,,,,,,[],,,,
1260835441562890244,1260835441562890244,2020-05-14 13:02:49 India Standard Time,2020-05-14,13:02:49,+0530,985130850508574720,asbbtrust,Association Of Social Beyond Boundaries,,"The @mumbaidabbawale have a special place in our hearts. Now is the time in life of dabbawallas where they need our help. As there services are not required in the lockdown. @asbbtrust did what it. Thank you Kiran Gawande ji, General Secretary of Mumbai Dabbawala.  https://t.co/4FN9qd7LNC",en,"[{'screen_name': 'mumbaidabbawale', 'name': 'mumbai dabbawala', 'id': '1057570612858707971'}, {'screen_name': 'asbbtrust', 'name': 'association of social beyond boundaries', 'id': '985130850508574720'}]",[],[],0,2,2,[],[],https://twitter.com/asbbtrust/status/1260835441562890244,False,,1,https://pbs.twimg.com/ext_tw_video_thumb/1260835360344436736/pu/img/kbKxmABXG9JXvkBh.jpg,Mumbai ,,,,,,[],,,,
1246337595124015104,1246337595124015104,2020-04-04 12:53:33 India Standard Time,2020-04-04,12:53:33,+0530,1084027572239749120,imran_sidd97,ÿπŸÖÿ±ÿßŸÜ ÿµÿØ€åŸÇ€å,,‡§Æ‡•Å‡§Ç‡§¨‡§à ‡§°‡§¨‡•ç‡§¨‡§æ‡§µ‡§æ‡§≤‡§æ üö≤  . . . . . @mumbaimatterz @RoadsOfMumbai üì∏ - @OnePlus_IN #Mumbai #dabbawala #sculpture #ShotonOnePlus #Throwbacks  https://t.co/pM5Zmh2doJ,hi,"[{'screen_name': 'mumbaimatterz', 'name': '‡§Æ‡•Å‡§Ç‡§¨‡§à matters‚Ñ¢‚ú≥Ô∏è', 'id': '1010049076434358273'}, {'screen_name': 'roadsofmumbai', 'name': 'roads of mumbai üáÆüá≥', 'id': '4774969895'}, {'screen_name': 'oneplus_in', 'name': 'oneplus india', 'id': '3138727082'}]",[],['https://pbs.twimg.com/media/EUvha_9UcAAUq0O.jpg'],0,0,1,"['mumbai', 'dabbawala', 'sculpture', 'shotononeplus', 'throwbacks']",[],https://twitter.com/imran_sidd97/status/1246337595124015104,False,,1,https://pbs.twimg.com/media/EUvha_9UcAAUq0O.jpg,Mumbai ,,,,,,[],,,,
1206624561942286344,1206624561942286344,2019-12-16 22:48:08 India Standard Time,2019-12-16,22:48:08,+0530,914475185582915584,mushtaqansari80,Mushtaq Ansari üáÆüá≥#PotholeWarriors #ConcreteRoads,,"With Mr Vilas Shinde , #MumbaiDabbaWala from Versova He this the 1 whom Prince Charles came to meet from #London. He feeds Food to poor daily evening frm juhu to #andheri lokhandwala yari road to poor people who sleep on street!  V good &amp; #nobleWork he is doing! @anandmahindra  https://t.co/MpIU9jNLCD",en,"[{'screen_name': 'anandmahindra', 'name': 'anand mahindra', 'id': '34197952'}]",[],['https://pbs.twimg.com/media/EL7KnM6U0AIIRM4.jpg'],0,2,6,"['mumbaidabbawala', 'london', 'andheri', 'noblework']",[],https://twitter.com/MushtaqAnsari80/status/1206624561942286344,False,,1,https://pbs.twimg.com/media/EL7KnM6U0AIIRM4.jpg,Mumbai ,,,,,,[],,,,
1201754762426765312,1201754762426765312,2019-12-03 12:17:17 India Standard Time,2019-12-03,12:17:17,+0530,1150074114431803392,tusharchavanifs,Tushar Chavan,,Efficiency and time management of mumbai dabbawala from Mr. Raghunath Medge @mumbaidabbawale @TISSMumbai wonderful learning  https://t.co/v11gC5gAQ6,en,"[{'screen_name': 'mumbaidabbawale', 'name': 'mumbai dabbawala', 'id': '1057570612858707971'}, {'screen_name': 'tissmumbai', 'name': 'tiss mumbai', 'id': '809302188'}]",[],['https://pbs.twimg.com/media/EK19kywUYAEpsSW.jpg'],1,0,6,[],[],https://twitter.com/tusharchavanifs/status/1201754762426765312,False,,1,https://pbs.twimg.com/media/EK19kywUYAEpsSW.jpg,Mumbai ,,,,,,[],,,,
1197763546957795328,1197763546957795328,2019-11-22 11:57:37 India Standard Time,2019-11-22,11:57:37,+0530,17810918,roostamirani,Ross,,@Mumbai @dabbawala ready to deliver and save people from hunger.  https://t.co/L7JJJ8J3HD,en,"[{'screen_name': 'dabbawala', 'name': 'dabbawala', 'id': '50593759'}]",[],"['https://pbs.twimg.com/media/EJ9PkvlXYAAE_bE.jpg', 'https://pbs.twimg.com/media/EJ9PlqUW4AAaTRc.jpg']",0,0,0,[],[],https://twitter.com/Roostamirani/status/1197763546957795328,False,,1,https://pbs.twimg.com/media/EJ9PkvlXYAAE_bE.jpg,Mumbai ,,,,,,[],,,,
1193576039223422978,1193576039223422978,2019-11-10 22:37:57 India Standard Time,2019-11-10,22:37:57,+0530,1142764502485651456,joshi_swati_,Swati Joshi,,Day 7- Daabas ready to reach their destination.  #Mumbai #dabbawala #30dayschallenge #people  https://t.co/8ZuH8CMFIu,en,[],[],['https://pbs.twimg.com/media/EJBu8yNVAAAyAN4.jpg'],0,0,3,"['mumbai', 'dabbawala', '30dayschallenge', 'people']",[],https://twitter.com/joshi_swati_/status/1193576039223422978,False,,1,https://pbs.twimg.com/media/EJBu8yNVAAAyAN4.jpg,Mumbai ,,,,,,[],,,,
1184882556665135104,1184882556665135104,2019-10-17 22:53:10 India Standard Time,2019-10-17,22:53:10,+0530,329537679,pravinseta,Pravin Seta,,The Mumbai Dabbawala on Cycle.  https://t.co/XiEenlHRtH,en,[],[],"['https://pbs.twimg.com/media/EHGMXm0VUAACgGS.jpg', 'https://pbs.twimg.com/media/EHGMY5kVUAAkjR_.jpg']",0,0,0,[],[],https://twitter.com/PravinSeta/status/1184882556665135104,False,,1,https://pbs.twimg.com/media/EHGMXm0VUAACgGS.jpg,Mumbai ,,,,,,[],,,,
1184691460668452864,1184691460668452864,2019-10-17 10:13:49 India Standard Time,2019-10-17,10:13:49,+0530,2250292585,gayatrivkale,Gayatri Kale,"{'type': 'Point', 'coordinates': [19.17419, 72.96865]}",Time and Tide wait for no man! The phrase seems most apt for Aamchi Mumbai.  . #dabbawala in frame!  #BombayNahiBeMumbai  #MumbaiNahiBeBombay  Well have the heart and soul to it's sound!  Sharing the photo series of‚Ä¶  https://t.co/eYojtyxyVL,en,[],['https://www.instagram.com/p/B3tNKfggqwE/?igshid=a56ukhlw8zpc'],[],0,0,0,"['dabbawala', 'bombaynahibemumbai', 'mumbainahibebombay']",[],https://twitter.com/GayatriVkale/status/1184691460668452864,False,,0,,Mumbai ,,,,,,[],,,,
1174947868286676994,1174947868286676994,2019-09-20 12:56:15 India Standard Time,2019-09-20,12:56:15,+0530,869509840514686976,mumbaidreamtour,mumbaidreamtours,"{'type': 'Point', 'coordinates': [19.0621, 72.8764]}","Experience The best tour in Mumbai. Where you can also have local train ride with three spots Dabbawala, dhobi ghat and dharavi slum.   Tour operators every day from churchgate railway station ticket window no.16‚Ä¶  https://t.co/Ysp7yVZKIf",en,[],['https://www.instagram.com/p/B2n-R4aAb0X/?igshid=1cwqrvbv9czzz'],[],0,0,0,[],[],https://twitter.com/mumbaidreamtour/status/1174947868286676994,False,,0,,Mumbai ,,,,,,[],,,,
1166009429835296768,1166009429835296768,2019-08-26 20:58:06 India Standard Time,2019-08-26,20:58:06,+0530,2983557672,pkalhatkar,Prakash kalhatkar,,"‡§π‡•Ä‡§ö ‡§§‡•Ä ‡§∏‡§æ‡§Ø‡§ï‡§≤ ‡§Ü‡§£‡§ø ‡§π‡•á‡§ö ‡§§‡•á ‡§°‡§¨‡•ç‡§¨‡•á ‡§ú‡§ø‡§ö‡•ç‡§Ø‡§æ ‡§Æ‡•Ç‡§≥‡•á ‡§Ü‡§Æ‡§Ç‡§ö ‡§™‡§æ‡§≤‡§® ‡§™‡•ã‡§∑‡§£ ‡§ù‡§æ‡§≤.‡§Ü‡§Æ‡•ç‡§π‡•Ä ‡§Æ‡•ã‡§†‡•á ‡§ù‡§æ‡§≤‡•ã, ‡§∏‡§ï‡•ç‡§∑‡§Æ ‡§ù‡§æ‡§≤‡•ã,‡§Ü‡§Æ‡§ö‡•á ‡§¨‡§æ‡§¨‡§æ ‡§Ü‡§£‡§ø ‡§Ü‡§Æ‡§ö‡•Ä ‡§∏‡§æ‡§Ø‡§ï‡§≤ ‡§µ ‡§°‡§¨‡•ç‡§¨‡•á.‡§Æ‡•Å‡§Ç‡§¨‡§à‡§ö‡§æ ‡§°‡§¨‡•ç‡§¨‡•á‡§µ‡§æ‡§≤‡§æ . Proud to be Mumbai dabbawala #ashishshelar #CMOMaharashtra #adityathackeray #RajThackeray #Mumbai #mumbaikar #mumbailocal  https://t.co/yLXoWMcMM9",mr,[],[],['https://pbs.twimg.com/media/EC5_ZWZU4AEIr85.jpg'],0,0,4,"['ashishshelar', 'cmomaharashtra', 'adityathackeray', 'rajthackeray', 'mumbai', 'mumbaikar', 'mumbailocal']",[],https://twitter.com/PKalhatkar/status/1166009429835296768,False,,1,https://pbs.twimg.com/media/EC5_ZWZU4AEIr85.jpg,Mumbai ,,,,,,[],,,,
1162266347973124096,1162266347973124096,2019-08-16 13:04:25 India Standard Time,2019-08-16,13:04:25,+0530,423000189,chefabdulyaseen,Chef Abdul Yaseen,"{'type': 'Point', 'coordinates': [19.05619191, 72.83710711]}",Lunch time for Mumbai offices ! Hats off to this single largest tiffin service . He is on his way to feed the hungry ones #dabbawala #mumbai #indian #food #fresh #foodpornography #tiffin @ Siling Bridge Mumbai  https://t.co/Zj72TZ2r1q,en,[],['https://www.instagram.com/p/B1N2_eqn6tE/?igshid=cmr1s6hcdgfe'],[],0,0,0,"['dabbawala', 'mumbai', 'indian', 'food', 'fresh', 'foodpornography', 'tiffin']",[],https://twitter.com/chefabdulyaseen/status/1162266347973124096,False,,0,,Mumbai ,,,,,,[],,,,
1155125739697688576,1155125739697688576,2019-07-27 20:10:12 India Standard Time,2019-07-27,20:10:12,+0530,129503049,sandysmartest,Sandeep tak,,It was honour to meet and listen from him   Dr Pawan Agarwal ceo Mumbai dabbawala association and motivational speaker. @dragrawalpawan #iifl #iiflhomefinance @IIFLHomeFinance  https://t.co/TjC9WG3PzG,en,"[{'screen_name': 'dragrawalpawan', 'name': 'dr pawan agrawal', 'id': '1425263574'}]",[],['https://pbs.twimg.com/media/EAfUuioXsAI8wb5.jpg'],0,0,1,"['iifl', 'iiflhomefinance']",[],https://twitter.com/sandysmartest/status/1155125739697688576,False,,1,https://pbs.twimg.com/media/EAfUuioXsAI8wb5.jpg,Mumbai ,,,,,,[],,,,
1149879258233364481,1149879258233364481,2019-07-13 08:42:33 India Standard Time,2019-07-13,08:42:33,+0530,17964981,rajennair,rajennair,"{'type': 'Point', 'coordinates': [18.935, 72.8359]}","#SaturdayMotivation Mumbai‚Äôs dabbawala using a handcart to deliver food packed in tiffins to Offices in fort and Nariman point, they are famous for employing chains of human hands delivering tiffins using handcarts,‚Ä¶  https://t.co/nQXjuroaLc",en,[],['https://www.instagram.com/p/BzzaZGYAhKg/?igshid=1ljsc0vebd7zl'],[],0,0,0,['saturdaymotivation'],[],https://twitter.com/rajennair/status/1149879258233364481,False,,0,,Mumbai ,,,,,,[],,,,
1149536625312972800,1149536625312972800,2019-07-12 10:01:03 India Standard Time,2019-07-12,10:01:03,+0530,17964981,rajennair,rajennair,"{'type': 'Point', 'coordinates': [18.935, 72.8359]}","#FridayMotivation Mumbai‚Äôs dabbawala using a handcart to deliver food packed in tiffins to Offices in fort and Nariman point, they are famous for employing chains of human hands delivering tiffins using handcarts,‚Ä¶  https://t.co/Znpb7uWFRP",en,[],['https://www.instagram.com/p/BzzaZGYAhKg/?igshid=69f1cl8feb5n'],[],0,0,1,['fridaymotivation'],[],https://twitter.com/rajennair/status/1149536625312972800,False,,0,,Mumbai ,,,,,,[],,,,
1140521484110028800,1140521484110028800,2019-06-17 12:58:06 India Standard Time,2019-06-17,12:58:06,+0530,344555260,actuallynhn,Nishad Naik,"{'type': 'Point', 'coordinates': [18.9944803, 72.82503597]}","Last evening SodaBottleOpenerWala unveiled a comic book on dabbawalas at Palladium, Mumbai. The comic book, titled¬†‚ÄúDabbawala‚Äù¬†by artist Abhijit Kini is inspired by the Dabbawalas and is dedicated to the true‚Ä¶  https://t.co/N4dLwDuzXW",en,[],['https://www.instagram.com/p/ByzW-pDgPrj/?igshid=fer1p97u1ugk'],[],1,0,0,[],[],https://twitter.com/ActuallyNhN/status/1140521484110028800,False,,0,,Mumbai ,,,,,,[],,,,
1138689352761036801,1138689352761036801,2019-06-12 11:37:52 India Standard Time,2019-06-12,11:37:52,+0530,869509840514686976,mumbaidreamtour,mumbaidreamtours,"{'type': 'Point', 'coordinates': [19.01996, 72.84084]}","Meet The Dabbawalas of Mumbai!  For anyone who has ever been to Mumbai, the Dabbawalas are a special class of people who everyone knows! For the uninitiated though ‚Äì Who is a Dabbawalla?¬†  The word ‚Äúdabbawala‚Äù in‚Ä¶  https://t.co/5qEBJIxBCs",en,[],['https://www.instagram.com/p/BymV03sgcMP/?igshid=ipr3c3pb0rzp'],[],0,0,0,[],[],https://twitter.com/mumbaidreamtour/status/1138689352761036801,False,,0,,Mumbai ,,,,,,[],,,,
1131783345803710464,1131783343748423680,2019-05-24 10:15:51 India Standard Time,2019-05-24,10:15:51,+0530,3613188793,jagaha_cre,JAGAHA,,"If you work in Mumbai, you have most likely encountered them at some point of your working life, and if not, we made this video so you are not left unaware of this amazing set of humans we fondly call 'Mumbaicha Dabbawala' @mumbaidabbawale    https://t.co/29lGEGoV1E",en,"[{'screen_name': 'mumbaidabbawale', 'name': 'mumbai dabbawala', 'id': '1057570612858707971'}]",['https://youtu.be/VxLYwOJ5cLQ'],[],0,0,1,[],[],https://twitter.com/JAGAHA_CRE/status/1131783345803710464,False,,0,,Mumbai ,,,,,,[],,,,
1128984883886530561,1128984883886530561,2019-05-16 16:55:46 India Standard Time,2019-05-16,16:55:46,+0530,869509840514686976,mumbaidreamtour,mumbaidreamtours,"{'type': 'Point', 'coordinates': [19.0621, 72.8764]}","Meet The Dabbawalas of Mumbai!  For anyone who has ever been to Mumbai, the Dabbawalas are a special class of people who everyone knows! For the uninitiated though ‚Äì Who is a Dabbawalla?¬†  The word ‚Äúdabbawala‚Äù in‚Ä¶  https://t.co/CmLVgwSACM",en,[],['https://www.instagram.com/p/BxhYux8nIEK/?igshid=1oaan1nwkpa5q'],[],0,0,0,[],[],https://twitter.com/mumbaidreamtour/status/1128984883886530561,False,,0,,Mumbai ,,,,,,[],,,,
1117677497666035714,1117677497666035714,2019-04-15 12:04:15 India Standard Time,2019-04-15,12:04:15,+0530,240887567,briancassey,Brian Cassey,"{'type': 'Point', 'coordinates': [18.9349873, 72.8305726]}","‚Ä¶ ‚ÄúDabbawala‚Äù‚Ä¶ image by ¬© Brian Cassey @briancassey ‚Ä¶ one of the approx five thousand strong army of Dabbawala‚Äôs wait outside Churchgate Station in Mumbai, India for some of the estimated‚Ä¶  https://t.co/3y95ANNIPQ",en,"[{'screen_name': 'briancassey', 'name': 'brian cassey', 'id': '240887567'}]",['https://www.instagram.com/p/BwRCvVzlGKm/?utm_source=ig_twitter_share&igshid=16257p4bewk0h'],[],0,0,0,[],[],https://twitter.com/briancassey/status/1117677497666035714,False,,0,,Mumbai ,,,,,,[],,,,
1090952368722755585,1090952368722755585,2019-01-31 18:08:08 India Standard Time,2019-01-31,18:08:08,+0530,869509840514686976,mumbaidreamtour,mumbaidreamtours,"{'type': 'Point', 'coordinates': [19.0621, 72.8764]}","Our Guest reviews of Today's Dabbawala, Dhobi ghat and Dharavi slum walking tour.  Book or call us Today  https://t.co/g534AkGwvg  #mumbai #mumbaidreamtours #Review @ Mumbai, Maharashtra  https://t.co/PBOheJjKXA",en,[],"['http://www.mumbaidreamtours.com', 'https://www.instagram.com/p/BtTJTXJnhFj/?utm_source=ig_twitter_share&igshid=c0xk15nbni0f']",[],0,0,1,"['mumbai', 'mumbaidreamtours', 'review']",[],https://twitter.com/mumbaidreamtour/status/1090952368722755585,False,,0,,Mumbai ,,,,,,[],,,,
1076103205044584449,1076103205044584449,2018-12-21 18:42:51 India Standard Time,2018-12-21,18:42:51,+0530,869509840514686976,mumbaidreamtour,mumbaidreamtours,"{'type': 'Point', 'coordinates': [19.04019, 72.85497]}","Our Guest had a wonderful Tour  of Dabbawala, Dhobi Ghat and Dharavi walking Tour with local Train Ride. Thanks for sharing your experience with us. Hope to see you again soon.  Mumbai‚Ä¶  https://t.co/zHkVuZli7E",en,[],['https://www.instagram.com/p/Brpn8H_HGAu/?utm_source=ig_twitter_share&igshid=os4bbhhs1ico'],[],0,0,0,[],[],https://twitter.com/mumbaidreamtour/status/1076103205044584449,False,,0,,Mumbai ,,,,,,[],,,,
1061149241127497728,1061149241127497728,2018-11-10 12:21:08 India Standard Time,2018-11-10,12:21:08,+0530,278967108,hxcmind,Alvaro,"{'type': 'Point', 'coordinates': [18.935, 72.8359]}",#dabbawala #lunch #streetphotography #‡§á‡§Ç‡§°‡§ø‡§Ø‡§æ #‡§Æ‡•Å‡§Ç‡§¨‡§à #mumbai #visitmumbai #bombay #visitbombay #india #visitindia #incredibleindia #exploreindia #indiatravels #indiantourism‚Ä¶  https://t.co/1rFkfL9kNd,und,[],['https://www.instagram.com/p/Bp_Yp5VnXw6/?utm_source=ig_twitter_share&igshid=1vqn0q46vxbv3'],[],0,0,0,"['dabbawala', 'lunch', 'streetphotography', '‡§á‡§Ç‡§°‡§ø‡§Ø‡§æ', '‡§Æ‡•Å‡§Ç‡§¨‡§à', 'mumbai', 'visitmumbai', 'bombay', 'visitbombay', 'india', 'visitindia', 'incredibleindia', 'exploreindia', 'indiatravels', 'indiantourism']",[],https://twitter.com/HxcMind/status/1061149241127497728,False,,0,,Mumbai ,,,,,,[],,,,
1059007386432823296,1059007386432823296,2018-11-04 14:30:10 India Standard Time,2018-11-04,14:30:10,+0530,278967108,hxcmind,Alvaro,"{'type': 'Point', 'coordinates': [18.935, 72.8359]}",#dabbawala #bike #lunch #delivery #streetphotography #‡§á‡§Ç‡§°‡§ø‡§Ø‡§æ #‡§Æ‡•Å‡§Ç‡§¨‡§à #mumbai #visitmumbai #bombay #visitbombay #india #visitindia #incredibleindia #exploreindia #indiatravels #indiantourism‚Ä¶  https://t.co/rpR0WgmAkC,und,[],['https://www.instagram.com/p/BpwKmiKnB88/?utm_source=ig_twitter_share&igshid=gwc6vt7u3j42'],[],0,0,1,"['dabbawala', 'bike', 'lunch', 'delivery', 'streetphotography', '‡§á‡§Ç‡§°‡§ø‡§Ø‡§æ', '‡§Æ‡•Å‡§Ç‡§¨‡§à', 'mumbai', 'visitmumbai', 'bombay', 'visitbombay', 'india', 'visitindia', 'incredibleindia', 'exploreindia', 'indiatravels', 'indiantourism']",[],https://twitter.com/HxcMind/status/1059007386432823296,False,,0,,Mumbai ,,,,,,[],,,,
1031131381282361344,1031131381282361344,2018-08-19 16:20:53 India Standard Time,2018-08-19,16:20:53,+0530,869509840514686976,mumbaidreamtour,mumbaidreamtours,"{'type': 'Point', 'coordinates': [19.04019, 72.85497]}",Experience our Mumbai Dabbawala Tours. See the real Hero of Mumbai.  Book or call us Today  https://t.co/7J0HEJBdsg  #Mumbai #mumbaidreamtours #Mumbaicitytour #slumtourdharavi #google‚Ä¶  https://t.co/0JjeIq5WOJ,en,[],"['http://www.Mumbaidreamtours.com', 'https://www.instagram.com/p/BmqGHTpgVaM/?utm_source=ig_twitter_share&igshid=1u5kh1hagt5rd']",[],0,0,0,"['mumbai', 'mumbaidreamtours', 'mumbaicitytour', 'slumtourdharavi', 'google']",[],https://twitter.com/mumbaidreamtour/status/1031131381282361344,False,,0,,Mumbai ,,,,,,[],,,,
988781855695663105,988781855695663105,2018-04-24 19:38:59 India Standard Time,2018-04-24,19:38:59,+0530,105055859,somrhiju,Somsuvra Mukherjee,"{'type': 'Point', 'coordinates': [19.0621, 72.8764]}",Chit Chat  #picoftheday #portrait #style #dabbawala #shootermag #lensculture #mumbai_igers‚Ä¶  https://t.co/7huwQPZriW,en,[],['https://www.instagram.com/p/Bh9LyAPlIYK/'],[],0,0,0,"['picoftheday', 'portrait', 'style', 'dabbawala', 'shootermag', 'lensculture', 'mumbai_igers']",[],https://twitter.com/somrhiju/status/988781855695663105,False,,0,,Mumbai ,,,,,,[],,,,
982611300764172288,982611300764172288,2018-04-07 18:59:24 India Standard Time,2018-04-07,18:59:24,+0530,105055859,somrhiju,Somsuvra Mukherjee,"{'type': 'Point', 'coordinates': [19.0621, 72.8764]}",Dabbawalas of Mumbai  #photooftheday #portrait #dabbawala #mumbai_igers #bnw #streetdreamsmag‚Ä¶  https://t.co/uiV3N8UpQn,hi,[],['https://www.instagram.com/p/BhRVvV2ACg4/'],[],0,0,0,"['photooftheday', 'portrait', 'dabbawala', 'mumbai_igers', 'bnw', 'streetdreamsmag']",[],https://twitter.com/somrhiju/status/982611300764172288,False,,0,,Mumbai ,,,,,,[],,,,
977402805110665216,977402805110665216,2018-03-24 10:02:42 India Standard Time,2018-03-24,10:02:42,+0530,869509840514686976,mumbaidreamtour,mumbaidreamtours,"{'type': 'Point', 'coordinates': [19.04019, 72.85497]}",See The Real Hero in Mumbai Dabbawala - They are responsible in delivering lunch boxes in the‚Ä¶  https://t.co/whsD3c929R,en,[],['https://www.instagram.com/p/BgsVMFVFIzV/'],[],0,0,0,[],[],https://twitter.com/mumbaidreamtour/status/977402805110665216,False,,0,,Mumbai ,,,,,,[],,,,
862544146594222081,862544146594222081,2017-05-11 11:15:24 India Standard Time,2017-05-11,11:15:24,+0530,2378546466,thepanchal,üáÆüá≥Sagar Panchal Ô£ø,"{'type': 'Point', 'coordinates': [18.975, 72.8258]}","#mumbai #dabbawala #lunchbox @ Mumbai, India  https://t.co/z08HMt6rGb",in,[],['https://www.instagram.com/p/BT8NhtvA4hs1rquXebVFk1WMnhqlYmWKyJHJP80/'],[],0,0,0,"['mumbai', 'dabbawala', 'lunchbox']",[],https://twitter.com/thepanchal/status/862544146594222081,False,,0,,Mumbai ,,,,,,[],,,,
855662046993690625,855662046993690625,2017-04-22 11:28:24 India Standard Time,2017-04-22,11:28:24,+0530,117904760,kprarthana,Prarthana,"{'type': 'Point', 'coordinates': [18.975, 72.8258]}",The famed dabbas's #mumbai #mumbaidiaries #dabbawala #dabba #mumbaidabbawalas #mumbaidabba‚Ä¶  https://t.co/6jrgStyMuX,en,[],['https://www.instagram.com/p/BTLT6NwD22O/'],[],0,0,0,"['mumbai', 'mumbaidiaries', 'dabbawala', 'dabba', 'mumbaidabbawalas', 'mumbaidabba']",[],https://twitter.com/KPrarthana/status/855662046993690625,False,,0,,Mumbai ,,,,,,[],,,,
829939394643521536,829939394643521536,2017-02-10 11:55:45 India Standard Time,2017-02-10,11:55:45,+0530,246204190,mohit_desai,Mohit Desai,"{'type': 'Point', 'coordinates': [18.975, 72.8258]}",Our walk mascots! #leadingthecause #mumbaidabbawala #walkforhealth‚Ä¶  https://t.co/m9DL63LINc,en,[],['https://www.instagram.com/p/BQUimnmhA1Oeg3C6z4LTSWUVfoQsIWcFh5G-dQ0/'],[],0,0,2,"['leadingthecause', 'mumbaidabbawala', 'walkforhealth']",[],https://twitter.com/Mohit_Desai/status/829939394643521536,False,,0,,Mumbai ,,,,,,[],,,,
796340272472866818,796340272472866818,2016-11-09 18:44:50 India Standard Time,2016-11-09,18:44:50,+0530,17964981,rajennair,rajennair,"{'type': 'Point', 'coordinates': [18.94158957, 72.83560047]}",Mumbai's Dabbawala lunch box carrier to offices is seen here about to board Mumbai local train‚Ä¶  https://t.co/uDZCkmteow,en,[],['https://www.instagram.com/p/BMQA1PvBKp3/'],[],1,0,1,[],[],https://twitter.com/rajennair/status/796340272472866818,False,,0,,Mumbai ,,,,,,[],,,,
795154698311348224,795154698311348224,2016-11-06 12:13:47 India Standard Time,2016-11-06,12:13:47,+0530,17964981,rajennair,rajennair,"{'type': 'Point', 'coordinates': [18.94158957, 72.83560047]}",Mumbai's Dabbawala lunch box carrier to offices is seen here about to board Mumbai local train‚Ä¶  https://t.co/uDZCkmteow,en,[],['https://www.instagram.com/p/BMQA1PvBKp3/'],[],0,0,0,[],[],https://twitter.com/rajennair/status/795154698311348224,False,,0,,Mumbai ,,,,,,[],,,,
794426337125548032,794426337125548032,2016-11-04 11:59:33 India Standard Time,2016-11-04,11:59:33,+0530,17964981,rajennair,rajennair,"{'type': 'Point', 'coordinates': [18.94158957, 72.83560047]}",Mumbai's Dabbawala lunch box carrier to offices is seen here about to board Mumbai local train‚Ä¶  https://t.co/uDZCkmteow,en,[],['https://www.instagram.com/p/BMQA1PvBKp3/'],[],0,0,0,[],[],https://twitter.com/rajennair/status/794426337125548032,False,,0,,Mumbai ,,,,,,[],,,,
793657082423549953,793657082423549953,2016-11-02 09:02:48 India Standard Time,2016-11-02,09:02:48,+0530,17964981,rajennair,rajennair,"{'type': 'Point', 'coordinates': [18.94158957, 72.83560047]}",Mumbai's Dabbawala lunch box carrier to offices is seen here about to board Mumbai local train‚Ä¶  https://t.co/uDZCkmteow,en,[],['https://www.instagram.com/p/BMQA1PvBKp3/'],[],0,0,0,[],[],https://twitter.com/rajennair/status/793657082423549953,False,,0,,Mumbai ,,,,,,[],,,,
793454818752884736,793454818752884736,2016-11-01 19:39:05 India Standard Time,2016-11-01,19:39:05,+0530,4643169373,youngtt3,Young T&T,"{'type': 'Point', 'coordinates': [18.975, 72.8258]}",Mumbai Dabba wala at Churchgate station @ Mumbai Dabbawala  https://t.co/qjzo8sN1II,tl,[],['https://www.instagram.com/p/BMRTV0dg9nT/'],[],0,0,0,[],[],https://twitter.com/youngTt3/status/793454818752884736,False,,0,,Mumbai ,,,,,,[],,,,
793290994124886017,793290994124886017,2016-11-01 08:48:06 India Standard Time,2016-11-01,08:48:06,+0530,17964981,rajennair,rajennair,"{'type': 'Point', 'coordinates': [18.94158957, 72.83560047]}",Mumbai's Dabbawala lunch box carrier to offices is seen here about to board Mumbai local train‚Ä¶  https://t.co/uDZCkmteow,en,[],['https://www.instagram.com/p/BMQA1PvBKp3/'],[],0,0,0,[],[],https://twitter.com/rajennair/status/793290994124886017,False,,0,,Mumbai ,,,,,,[],,,,
750908423584116736,750908423584116736,2016-07-07 09:54:54 India Standard Time,2016-07-07,09:54:54,+0530,579548396,grandmumbai,Grand Mumbai Tours,"{'type': 'Point', 'coordinates': [18.99413571, 72.82382639]}",#mumbai #dabbawala at work. #mumbaidiaries #mumbaimerijaan #mumbaikar #incredibleindiaofficial‚Ä¶  https://t.co/ryImnu8iZJ,en,[],['https://www.instagram.com/p/BHi_ecvhhGm/'],[],0,0,1,"['mumbai', 'dabbawala', 'mumbaidiaries', 'mumbaimerijaan', 'mumbaikar', 'incredibleindiaofficial']",[],https://twitter.com/GrandMumbai/status/750908423584116736,False,,0,,Mumbai ,,,,,,[],,,,
725742960629940224,725742960629940224,2016-04-28 23:16:20 India Standard Time,2016-04-28,23:16:20,+0530,705979496881647618,sunilp1972,Sunil Purushe,"{'type': 'Point', 'coordinates': [19.0184, 72.8432]}",#dabbawala #lunchbox #courierservice #mumbai #mumbaikar at #dadar #railwaystation #bnw‚Ä¶  https://t.co/hXnsvjZil9,und,[],['https://www.instagram.com/p/BEwLjXXk0pp/'],[],0,0,0,"['dabbawala', 'lunchbox', 'courierservice', 'mumbai', 'mumbaikar', 'dadar', 'railwaystation', 'bnw']",[],https://twitter.com/sunilp1972/status/725742960629940224,False,,0,,Mumbai ,,,,,,[],,,,
703171278832676865,703171278832676865,2016-02-26 16:24:31 India Standard Time,2016-02-26,16:24:31,+0530,4132841,mcleod,"Scott McLeod (he, him, his)","{'type': 'Point', 'coordinates': [18.93488611, 72.82716389]}","Dabbawala ('one who carries a box'), Mumbai, India 57/365 #project365 #365 #mumbai #india‚Ä¶  https://t.co/TmXyUD1MVA",en,[],['https://www.instagram.com/p/BCPzI-6vsVc/'],[],0,0,1,"['project365', 'mumbai', 'india']",[],https://twitter.com/mcleod/status/703171278832676865,False,,0,,Mumbai ,,,,,,[],,,,
641095506400313345,641095506400313345,2015-09-08 09:17:34 India Standard Time,2015-09-08,09:17:34,+0530,146007540,jatinjkothari,Corona Warrior Jatin Kothari üáÆüá≥,"{'type': 'Point', 'coordinates': [19.0779991, 72.9121704]}",With International Motivational Speakar &amp; Mumbai' s Dabbawala fame Shri Pawan ji Agarwal..Thanks to‚Ä¶  https://t.co/2crINgjIpC,en,[],['https://instagram.com/p/7WuWKynArp/'],[],1,0,0,[],[],https://twitter.com/jatinjkothari/status/641095506400313345,False,,0,,Mumbai ,,,,,,[],,,,
614108818574823425,614108818574823425,2015-06-25 22:02:06 India Standard Time,2015-06-25,22:02:06,+0530,162620545,asrarmarnad,Asrar sheik,"{'type': 'Point', 'coordinates': [19.10031564, 72.93003313]}",Trying the Dabbawalas #dabbawala #mumbai #dinner #awesome #friends #Cousins #food @ Vikhroli Creek‚Ä¶  https://t.co/9GZ7wnJCXJ,en,[],['https://instagram.com/p/4W-OOsO8S7/'],[],1,0,1,"['dabbawala', 'mumbai', 'dinner', 'awesome', 'friends', 'cousins', 'food']",[],https://twitter.com/asrarmarnad/status/614108818574823425,False,,0,,Mumbai ,,,,,,[],,,,
584692090291879937,584615238378467330,2015-04-05 17:50:32 India Standard Time,2015-04-05,17:50:32,+0530,124704489,amit302,Amit Sharan,"{'type': 'Point', 'coordinates': [19.1972414, 72.8701639]}",@timesofindia living in Mumbai for last 15 years and seen any body who uses dabbawala services. How is it spine?,en,[],[],[],0,0,0,[],[],https://twitter.com/amit302/status/584692090291879937,False,,0,,Mumbai ,,,,,,[],,,,
570568029819568129,570568029819568129,2015-02-25 18:26:33 India Standard Time,2015-02-25,18:26:33,+0530,87418988,omgridhima,Ridhima,"{'type': 'Point', 'coordinates': [19.2491238, 72.84815]}",The dabbawalas of Mumbai #dabbawala #dabbawalatopi #wearemumbai #Mumbai #everydaymumbai‚Ä¶  https://t.co/LOvilbzGcY,en,[],['https://instagram.com/p/zhmKicizAX/'],[],0,0,0,"['dabbawala', 'dabbawalatopi', 'wearemumbai', 'mumbai', 'everydaymumbai']",[],https://twitter.com/OmgRidhima/status/570568029819568129,False,,0,,Mumbai ,,,,,,[],,,,
566468560340258816,566468560340258816,2015-02-14 10:56:43 India Standard Time,2015-02-14,10:56:43,+0530,116398823,manish85in,Manish Solanki,"{'type': 'Point', 'coordinates': [19.0532973, 72.9145226]}","Watch @AndPicturesIN  Valentine's Day Celebration featuring Mumbai dabbawala. Like, comment and share  http://t.co/Hq59Z8Xyd7",en,"[{'screen_name': 'andpicturesin', 'name': 'andpicturesin', 'id': '1639712454'}]",['http://youtu.be/lW-oH-tLi-E'],[],0,0,0,[],[],https://twitter.com/manish85in/status/566468560340258816,False,,0,,Mumbai ,,,,,,[],,,,
549174013407133696,549174013407133696,2014-12-28 17:34:22 India Standard Time,2014-12-28,17:34:22,+0530,258637676,rajeshsarwadnya,Dr Rajesh Sarwadnya,"{'type': 'Point', 'coordinates': [19.1141486, 72.8283296]}",@NidhiKamdarMH @CMOMaharashtra @Dev_Fadnavis                Dr Rajesh Sarwadnya Speech At Mumbai Dabbawala@125:  http://t.co/lcVrqR9YYz,hi,"[{'screen_name': 'cmomaharashtra', 'name': 'cmo maharashtra', 'id': '2597666894'}, {'screen_name': 'dev_fadnavis', 'name': 'devendra fadnavis', 'id': '137780376'}]",['http://youtu.be/RsAySSmQZP0'],[],0,0,1,[],[],https://twitter.com/RajeshSarwadnya/status/549174013407133696,False,,0,,Mumbai ,,,,,,[],,,,
528924836215537664,528924836215537664,2014-11-02 20:31:22 India Standard Time,2014-11-02,20:31:22,+0530,3700611,negaboys,negaboys,"{'type': 'Point', 'coordinates': [19.1251175, 72.8604725]}","Had today's lunch on #dabbawala has chicken, rice, chappathi #mumbai",en,[],[],[],0,0,0,"['dabbawala', 'mumbai']",[],https://twitter.com/negaboys/status/528924836215537664,False,,0,,Mumbai ,,,,,,[],,,,
503063335764381696,503063335764381696,2014-08-23 11:47:00 India Standard Time,2014-08-23,11:47:00,+0530,93575244,utsavchaudhuri,Utsav,"{'type': 'Point', 'coordinates': [19.1773465, 72.8642766]}",Humbling &amp; enriching experience to personally interact with the #Mumbai #Dabbawala  http://t.co/R8uncRBGyt #respect,en,[],['http://m.economictimes.com/magazines/corporate-dossier/food-for-thought-what-makes-mumbais-dabbawalas-successful/articleshow/40598361.cms'],[],0,0,0,"['mumbai', 'dabbawala', 'respect']",[],https://twitter.com/utsavchaudhuri/status/503063335764381696,False,,0,,Mumbai ,,,,,,[],,,,
500577612105011200,500577612105011200,2014-08-16 15:09:37 India Standard Time,2014-08-16,15:09:37,+0530,440719007,edednedgy,TheUntraveller,"{'type': 'Point', 'coordinates': [18.92958721, 72.83320863]}",The great #indian dabbawala #mumbai #throwback #foodie #local @ BSE  http://t.co/XDSM0pHh9W,en,[],['http://instagram.com/p/rwSNSaQJkP/'],[],0,0,0,"['indian', 'mumbai', 'throwback', 'foodie', 'local']",[],https://twitter.com/EdEdnEdgy/status/500577612105011200,False,,0,,Mumbai ,,,,,,[],,,,
498066286673293313,498066286673293313,2014-08-09 16:50:31 India Standard Time,2014-08-09,16:50:31,+0530,83858580,join2manish,Manish Pandey (‡§Æ‡§®‡•Ä‡§∑ ‡§™‡§æ‡§£‡•ç‡§°‡•á‡§Ø),"{'type': 'Point', 'coordinates': [19.1809755, 72.837002]}",1 mistake in 6 million - what a perfection - #Salute to #DabbaWala of #Mumbai  #SixSigma certified #ISO certified #Smmartmoments @j_priyal,en,"[{'screen_name': 'j_priyal', 'name': 'priyal_j', 'id': '1149926390'}]",[],[],0,1,0,"['salute', 'dabbawala', 'mumbai', 'sixsigma', 'iso', 'smmartmoments']",[],https://twitter.com/join2manish/status/498066286673293313,False,,0,,Mumbai ,,,,,,[],,,,
495940511870373889,495940511870373889,2014-08-03 20:03:26 India Standard Time,2014-08-03,20:03:26,+0530,258637676,rajeshsarwadnya,Dr Rajesh Sarwadnya,"{'type': 'Point', 'coordinates': [19.1141131, 72.8283951]}",@SanghParivarOrg @PiyushGoyal @VaibhavP21 @rammadhavbjp  Dr Rajesh Sarwadnya Speech At Mumbai Dabbawala@125:  http://t.co/lcVrqQBkOv,hi,"[{'screen_name': 'piyushgoyal', 'name': 'piyush goyal', 'id': '1324334436'}, {'screen_name': 'vaibhavp21', 'name': 'vaibhav purandare', 'id': '364875799'}, {'screen_name': 'rammadhavbjp', 'name': 'ram madhav', 'id': '751400048'}]",['http://youtu.be/RsAySSmQZP0'],[],0,0,0,[],[],https://twitter.com/RajeshSarwadnya/status/495940511870373889,False,,0,,Mumbai ,,,,,,[],,,,
495940188611158017,495940188611158017,2014-08-03 20:02:09 India Standard Time,2014-08-03,20:02:09,+0530,258637676,rajeshsarwadnya,Dr Rajesh Sarwadnya,"{'type': 'Point', 'coordinates': [19.1141131, 72.8283951]}",@vinay1011 @v_shrivsatish @tulsidasbhoite @RavindraWaikar Dr Rajesh Sarwadnya Speech At Mumbai Dabbawala@125:  http://t.co/lcVrqQBkOv,hi,"[{'screen_name': 'v_shrivsatish', 'name': 'v satish', 'id': '901132112'}, {'screen_name': 'tulsidasbhoite', 'name': 'tulsidas v. bhoite üå∏', 'id': '77969055'}, {'screen_name': 'ravindrawaikar', 'name': 'ravindra waikar', 'id': '1379026934'}]",['http://youtu.be/RsAySSmQZP0'],[],0,1,0,[],[],https://twitter.com/RajeshSarwadnya/status/495940188611158017,False,,0,,Mumbai ,,,,,,[],,,,
495939430377455618,495939430377455618,2014-08-03 19:59:08 India Standard Time,2014-08-03,19:59:08,+0530,258637676,rajeshsarwadnya,Dr Rajesh Sarwadnya,"{'type': 'Point', 'coordinates': [19.1141131, 72.8283951]}",@prithvrj @DoctorNene @vijaybhatkar @PrakashJavdekar  Dr Rajesh Sarwadnya Speech At Mumbai Dabbawala@125:  http://t.co/lcVrqQBkOv,hi,"[{'screen_name': 'doctornene', 'name': 'dr. shriram nene', 'id': '372069466'}, {'screen_name': 'vijaybhatkar', 'name': 'vijay bhatkar', 'id': '334485695'}, {'screen_name': 'prakashjavdekar', 'name': 'prakash javadekar', 'id': '1072993274'}]",['http://youtu.be/RsAySSmQZP0'],[],0,0,0,[],[],https://twitter.com/RajeshSarwadnya/status/495939430377455618,False,,0,,Mumbai ,,,,,,[],,,,
495938847834775552,495938847834775552,2014-08-03 19:56:50 India Standard Time,2014-08-03,19:56:50,+0530,258637676,rajeshsarwadnya,Dr Rajesh Sarwadnya,"{'type': 'Point', 'coordinates': [19.1141131, 72.8283951]}",@Ashutosh_BJP @alkadhupkar @RavibhusariBJP @BJPShyamJaju  Dr Rajesh Sarwadnya Speech At Mumbai Dabbawala@125:  http://t.co/lcVrqQBkOv,hi,"[{'screen_name': 'alkadhupkar', 'name': 'sharlene ewing', 'id': '4204728136'}, {'screen_name': 'ravibhusaribjp', 'name': 'ravindra bhusari', 'id': '1540532730'}]",['http://youtu.be/RsAySSmQZP0'],[],0,0,0,[],[],https://twitter.com/RajeshSarwadnya/status/495938847834775552,False,,0,,Mumbai ,,,,,,[],,,,
495938447819816961,495938447819816961,2014-08-03 19:55:14 India Standard Time,2014-08-03,19:55:14,+0530,258637676,rajeshsarwadnya,Dr Rajesh Sarwadnya,"{'type': 'Point', 'coordinates': [19.1141131, 72.8283951]}",@SudheenKulkarni @ashokpanvalkar @milindkhandekar @girishkuber   Dr Rajesh Sarwadnya Speech At Mumbai Dabbawala@125:  http://t.co/lcVrqQBkOv,hi,"[{'screen_name': 'ashokpanvalkar', 'name': 'ashok panvalkar', 'id': '143816884'}, {'screen_name': 'milindkhandekar', 'name': 'milind khandekar', 'id': '43128194'}, {'screen_name': 'girishkuber', 'name': 'girish kuber', 'id': '45570321'}]",['http://youtu.be/RsAySSmQZP0'],[],0,0,0,[],[],https://twitter.com/RajeshSarwadnya/status/495938447819816961,False,,0,,Mumbai ,,,,,,[],,,,
495938157989203968,495938157989203968,2014-08-03 19:54:05 India Standard Time,2014-08-03,19:54:05,+0530,258637676,rajeshsarwadnya,Dr Rajesh Sarwadnya,"{'type': 'Point', 'coordinates': [19.1141131, 72.8283951]}",@uddhavthackeray @AUThackeray @KirtikarGajanan @Dev_Fadnavis   Dr Rajesh Sarwadnya Speech At Mumbai Dabbawala@125:  http://t.co/lcVrqQBkOv,hi,"[{'screen_name': 'authackeray', 'name': 'aaditya thackeray', 'id': '1606048885'}, {'screen_name': 'dev_fadnavis', 'name': 'devendra fadnavis', 'id': '137780376'}]",['http://youtu.be/RsAySSmQZP0'],[],0,0,0,[],[],https://twitter.com/RajeshSarwadnya/status/495938157989203968,False,,0,,Mumbai ,,,,,,[],,,,
495257536023392256,495257536023392256,2014-08-01 22:49:32 India Standard Time,2014-08-01,22:49:32,+0530,258637676,rajeshsarwadnya,Dr Rajesh Sarwadnya,"{'type': 'Point', 'coordinates': [19.1141134, 72.8283943]}",@suryoday77 @RavindraAmbekar @DrVishwam @preetisompura Dr Rajesh Sarwadnya Speech At Mumbai Dabbawala@125:  http://t.co/lcVrqQBkOv,hi,"[{'screen_name': 'drvishwam', 'name': '‡§°‡•â. ‡§µ‡§ø‡§∂‡•ç‡§µ‡§Ç‡§≠‡§∞ ‡§ö‡•å‡§ß‡§∞‡•Ä', 'id': '404044528'}, {'screen_name': 'preetisompura', 'name': 'preeti sompura', 'id': '136657075'}]",['http://youtu.be/RsAySSmQZP0'],[],0,1,0,[],[],https://twitter.com/RajeshSarwadnya/status/495257536023392256,False,,0,,Mumbai ,,,,,,[],,,,
463963145933815808,463963145933815808,2014-05-07 14:16:48 India Standard Time,2014-05-07,14:16:48,+0530,416186617,raconteurtours,Raconteur Tours,"{'type': 'Point', 'coordinates': [18.9394451, 72.8277308]}",Starting our own #dabbawala service or a killer #marketing campaign? #mumbai #innovation #creative #entrepreneurship  http://t.co/b6QlqNE3e5,en,[],[],['https://pbs.twimg.com/media/BnBUBXRCMAAB9FB.jpg'],0,0,0,"['dabbawala', 'marketing', 'mumbai', 'innovation', 'creative', 'entrepreneurship']",[],https://twitter.com/RaconteurTours/status/463963145933815808,False,,1,https://pbs.twimg.com/media/BnBUBXRCMAAB9FB.jpg,Mumbai ,,,,,,[],,,,
450899030730502145,450899030730502145,2014-04-01 13:04:40 India Standard Time,2014-04-01,13:04:40,+0530,1081213921,bandrainfo,Bandra.info,"{'type': 'Point', 'coordinates': [19.06953967, 72.83358067]}","If you are looking for light, less masala food, cheap tiffin boxes try @Hunger_Beat home/office delivered by Mumbai dabbawala's",en,"[{'screen_name': 'hunger_beat', 'name': ""merchant's"", 'id': '2319023744'}]",[],[],0,0,0,[],[],https://twitter.com/bandrainfo/status/450899030730502145,False,,0,,Mumbai ,,,,,,[],,,,
450878994875809792,450878994875809792,2014-04-01 11:45:03 India Standard Time,2014-04-01,11:45:03,+0530,1081213921,bandrainfo,Bandra.info,"{'type': 'Point', 'coordinates': [19.06965408, 72.8340773]}",Ordered my lunch from @Hunger_Beat which will be delivered my Mumbai infamous dabbawala üòÄ 495/5meals #groupon,en,"[{'screen_name': 'hunger_beat', 'name': ""merchant's"", 'id': '2319023744'}]",[],[],2,0,0,['groupon'],[],https://twitter.com/bandrainfo/status/450878994875809792,False,,0,,Mumbai ,,,,,,[],,,,
401227124625145857,401227124625145857,2013-11-15 11:26:15 India Standard Time,2013-11-15,11:26:15,+0530,212803475,sanjaybarua88,Sanjay Barua,"{'type': 'Point', 'coordinates': [19.10069459, 72.88417503]}",Yes! That's a #Lunch #box #luncheon #dabbawala #lifeline of #mumbai #tiffin #service #tradition‚Ä¶  http://t.co/btYcAiwWps,en,[],['http://instagram.com/p/guWFJtQ5cB/'],[],0,0,0,"['lunch', 'box', 'luncheon', 'dabbawala', 'lifeline', 'mumbai', 'tiffin', 'service', 'tradition']",[],https://twitter.com/sanjaybarua88/status/401227124625145857,False,,0,,Mumbai ,,,,,,[],,,,
399085312603074560,399085312603074560,2013-11-09 13:35:27 India Standard Time,2013-11-09,13:35:27,+0530,337870359,bhawinjagad,Bhawin J üßëüèª‚Äçüíª,"{'type': 'Point', 'coordinates': [19.11875267, 72.846739]}",#Dabbawala #Mumbai #InstaMumbai #Platform @ Andheri Railway Station  http://t.co/wYAzpSs1gR,en,[],['http://instagram.com/p/gfIs2sICPb/'],[],0,0,0,"['dabbawala', 'mumbai', 'instamumbai', 'platform']",[],https://twitter.com/bhawinjagad/status/399085312603074560,False,,0,,Mumbai ,,,,,,[],,,,
297961641977462784,297961641977462784,2013-02-03 12:26:05 India Standard Time,2013-02-03,12:26:05,+0530,218387236,hashtagharshil,Harshil Mehta,"{'type': 'Point', 'coordinates': [18.92786051, 72.83192222]}",Sare Jahan Boj Uthata! #dabbawala #mumbai #art #festival @ Kala Ghoda Arts Festival  http://t.co/8bJeijwD,hi,[],['http://instagr.am/p/VQnIAlJsdc/'],[],0,0,0,"['dabbawala', 'mumbai', 'art', 'festival']",[],https://twitter.com/hashtagharshil/status/297961641977462784,False,,0,,Mumbai ,,,,,,[],,,,
297961213021782016,297961213021782016,2013-02-03 12:24:23 India Standard Time,2013-02-03,12:24:23,+0530,121331450,umadatye,Uma Datye,"{'type': 'Point', 'coordinates': [18.928, 72.83166667]}",Carrying the load of the city! #art #festival #mumbai #dabbawala @ Kala Ghoda Arts Festival  http://t.co/0dsMLc9k,en,[],['http://instagr.am/p/VQm4tpRBLa/'],[],0,0,0,"['art', 'festival', 'mumbai', 'dabbawala']",[],https://twitter.com/umadatye/status/297961213021782016,False,,0,,Mumbai ,,,,,,[],,,,
260734392878628865,260734392878628865,2012-10-23 18:58:18 India Standard Time,2012-10-23,18:58:18,+0530,39961676,sunnyparampil,Sunny Joseph Parampil,"{'type': 'Point', 'coordinates': [18.9948857, 72.82445579]}",#SixSigma #Guru #Dabbawala #Mumbai #Morning #Art #Frame #Painting #Restaurant #India #InstaGoo @ Bombay Blue  http://t.co/spctoebz,en,[],['http://instagr.am/p/RIF30rlOoB/'],[],0,1,0,"['sixsigma', 'guru', 'dabbawala', 'mumbai', 'morning', 'art', 'frame', 'painting', 'restaurant', 'india', 'instagoo']",[],https://twitter.com/SunnyParampil/status/260734392878628865,False,,0,,Mumbai ,,,,,,[],,,,
245811331465347072,245811331465347072,2012-09-12 14:39:23 India Standard Time,2012-09-12,14:39:23,+0530,287107098,anant_dwivedi,Anant Dwivedi,"{'type': 'Point', 'coordinates': [19.0899742, 72.8278616]}",What's for lunch? #Mumbai Dabbawala!   @ Juhu  http://t.co/DF3oV3LL,tl,[],['http://instagr.am/p/PeDIKRTTvV/'],[],0,0,0,['mumbai'],[],https://twitter.com/anant_dwivedi/status/245811331465347072,False,,0,,Mumbai ,,,,,,[],,,,
